{"initial_reset_timestamp": 1653370831.7766154, "timestamps": [1653370863.5517995, 1653370886.4106188, 1653370913.1673162, 1653370941.5138037, 1653370964.7073092, 1653370986.841326, 1653371012.4373107, 1653371039.3976362, 1653371068.2372224, 1653371100.3006256, 1653371121.9838703, 1653371155.3998103, 1653371179.926353, 1653371215.041354, 1653371242.976326, 1653371270.1403642, 1653371298.0073829, 1653371319.344388, 1653371341.6468227, 1653371369.2967515], "episode_lengths": [2250, 1790, 2320, 2406, 2123, 1836, 2250, 2331, 2218, 2606, 1916, 2842, 2236, 2976, 2338, 2366, 2402, 1882, 1948, 2406], "episode_rewards": [6500.0, 3800.0, 6900.0, 5200.0, 6400.0, 5500.0, 8200.0, 6600.0, 7100.0, 9100.0, 4900.0, 6300.0, 7200.0, 8800.0, 8200.0, 6500.0, 6800.0, 4200.0, 5800.0, 9000.0], "episode_types": ["t", "t", "t", "t", "t", "t", "t", "t", "t", "t", "t", "t", "t", "t", "t", "t", "t", "t", "t", "t"]}