{"initial_reset_timestamp": 1652795683.8665428, "timestamps": [1652795691.5622725, 1652795699.4959056, 1652795699.8894207, 1652795700.1855392, 1652795700.337135, 1652795700.584945, 1652795700.8173344, 1652795700.994876, 1652795708.4380836, 1652795708.8838549, 1652795708.9857802, 1652795709.0944905, 1652795709.2051966, 1652795709.346339, 1652795709.6327093, 1652795709.8776608, 1652795710.107667, 1652795710.235347, 1652795710.5530539, 1652795710.7020814, 1652795710.8691533, 1652795711.21024, 1652795711.3418877, 1652795711.4476097, 1652795711.5463445, 1652795711.647072, 1652795711.7478075, 1652795717.8904653, 1652795718.3542252, 1652795718.5147955, 1652795718.8384576, 1652795719.0656223, 1652795719.1883223, 1652795719.2960436, 1652795719.3898113, 1652795719.4948356, 1652795719.5916018, 1652795719.7033112, 1652795719.8060029, 1652795719.9107203, 1652795720.0104558, 1652795720.1131773, 1652795720.214909, 1652795720.3086739, 1652795720.4163733, 1652795720.5151026, 1652795720.6118443, 1652795720.7223134, 1652795720.8205652, 1652795720.9257994, 1652795721.02806, 1652795721.131776, 1652795721.2345057, 1652795721.3442135, 1652795721.4469337, 1652795721.6733296, 1652795721.914683, 1652795722.2486243, 1652795722.3852494, 1652795722.4869752, 1652795722.7956676, 1652795722.9562576, 1652795723.2350616, 1652795723.5047815, 1652795729.7064478, 1652795730.2325606, 1652795730.5686631, 1652795730.7820902, 1652795731.0962496, 1652795731.2518342, 1652795731.3535597, 1652795731.4612725, 1652795731.565992, 1652795731.6886683, 1652795731.7970245, 1652795731.9047506, 1652795732.0004914, 1652795732.1025622, 1652795732.203502, 1652795732.2977693, 1652795732.3955057, 1652795732.499239, 1652795732.6009545, 1652795732.6996953, 1652795732.8123944, 1652795732.9191039, 1652795733.0288126, 1652795733.1325333, 1652795733.3988225, 1652795733.6453965, 1652795733.8542962, 1652795734.0898187, 1652795734.329886, 1652795734.5061226, 1652795734.878129, 1652795735.1603727, 1652795735.4153306, 1652795735.580537, 1652795735.6949396, 1652795735.8063016], "episode_lengths": [200, 200, 200, 200, 200, 200, 200, 200, 200, 200, 200, 200, 200, 200, 200, 200, 200, 200, 200, 200, 200, 200, 200, 200, 200, 200, 200, 200, 200, 200, 200, 200, 200, 200, 200, 200, 200, 200, 200, 200, 200, 200, 200, 200, 200, 200, 200, 200, 200, 200, 200, 200, 200, 200, 200, 200, 200, 200, 200, 200, 200, 200, 200, 200, 200, 200, 200, 200, 200, 200, 200, 200, 200, 200, 200, 200, 200, 200, 200, 200, 200, 200, 200, 200, 200, 200, 200, 200, 200, 200, 200, 200, 200, 200, 200, 200, 200, 200, 200, 200], "episode_rewards": [200.0, 200.0, 200.0, 200.0, 200.0, 200.0, 200.0, 200.0, 200.0, 200.0, 200.0, 200.0, 200.0, 200.0, 200.0, 200.0, 200.0, 200.0, 200.0, 200.0, 200.0, 200.0, 200.0, 200.0, 200.0, 200.0, 200.0, 200.0, 200.0, 200.0, 200.0, 200.0, 200.0, 200.0, 200.0, 200.0, 200.0, 200.0, 200.0, 200.0, 200.0, 200.0, 200.0, 200.0, 200.0, 200.0, 200.0, 200.0, 200.0, 200.0, 200.0, 200.0, 200.0, 200.0, 200.0, 200.0, 200.0, 200.0, 200.0, 200.0, 200.0, 200.0, 200.0, 200.0, 200.0, 200.0, 200.0, 200.0, 200.0, 200.0, 200.0, 200.0, 200.0, 200.0, 200.0, 200.0, 200.0, 200.0, 200.0, 200.0, 200.0, 200.0, 200.0, 200.0, 200.0, 200.0, 200.0, 200.0, 200.0, 200.0, 200.0, 200.0, 200.0, 200.0, 200.0, 200.0, 200.0, 200.0, 200.0, 200.0], "episode_types": ["t", "t", "t", "t", "t", "t", "t", "t", "t", "t", "t", "t", "t", "t", "t", "t", "t", "t", "t", "t", "t", "t", "t", "t", "t", "t", "t", "t", "t", "t", "t", "t", "t", "t", "t", "t", "t", "t", "t", "t", "t", "t", "t", "t", "t", "t", "t", "t", "t", "t", "t", "t", "t", "t", "t", "t", "t", "t", "t", "t", "t", "t", "t", "t", "t", "t", "t", "t", "t", "t", "t", "t", "t", "t", "t", "t", "t", "t", "t", "t", "t", "t", "t", "t", "t", "t", "t", "t", "t", "t", "t", "t", "t", "t", "t", "t", "t", "t", "t", "t"]}