{"initial_reset_timestamp": 3785.2706864, "timestamps": [3791.1358333, 3796.4584158, 3796.6717239, 3796.7807109, 3796.8917871, 3797.0116381, 3797.11918, 3797.231927, 3802.8140222, 3803.0293734, 3803.1478714, 3803.2594357, 3803.3583348, 3803.4594705, 3803.5658981, 3803.6760707, 3803.7818851, 3803.8742508, 3803.9871272, 3804.0954402, 3804.202349, 3804.3068741, 3804.4082185, 3804.5072777, 3804.5995929, 3804.7050284, 3804.8188563, 3810.3561633, 3810.5462962, 3810.6588697, 3810.7622728, 3810.875932, 3810.9888156, 3811.0789491, 3811.1731868, 3811.267191, 3811.3644055, 3811.4708108, 3811.5695443, 3811.6740275, 3811.7740782, 3811.888009, 3811.9954898, 3812.101457, 3812.1883317, 3812.2933375, 3812.3965202, 3812.5100341, 3812.6170535, 3812.7185652, 3812.8196287, 3812.9389344, 3813.0339242, 3813.1368878, 3813.2512545, 3813.3654378, 3813.4624437, 3813.5567877, 3813.6547439, 3813.7577534, 3813.8692036, 3813.9695284, 3814.0822239, 3814.1841398, 3819.6351341, 3819.8387576, 3819.9470802, 3820.0588559, 3820.1693765, 3820.2733029, 3820.3783311, 3820.4742287, 3820.5811793, 3820.6875242, 3820.7936934, 3820.8908557, 3820.9955128, 3821.098561, 3821.1930285, 3821.305401, 3821.4088377, 3821.5091411, 3821.6028254, 3821.6915498, 3821.7812143, 3821.8824333, 3821.9863887, 3822.0988008, 3822.1988966, 3822.3082116, 3822.4052998, 3822.5081051, 3822.6075016, 3822.7119919, 3822.8160963, 3822.9197834, 3823.0281792, 3823.1441545, 3823.2527323, 3823.3637614], "episode_lengths": [200, 200, 200, 200, 200, 200, 200, 200, 200, 200, 200, 200, 200, 200, 200, 200, 200, 200, 200, 200, 200, 200, 200, 200, 200, 200, 200, 200, 200, 200, 200, 200, 200, 200, 200, 200, 200, 200, 200, 200, 200, 200, 200, 200, 200, 200, 200, 200, 200, 200, 200, 200, 200, 200, 200, 200, 200, 200, 200, 200, 200, 200, 200, 200, 200, 200, 200, 200, 200, 200, 200, 200, 200, 200, 200, 200, 200, 200, 200, 200, 200, 200, 200, 200, 200, 200, 200, 200, 200, 200, 200, 200, 200, 200, 200, 200, 200, 200, 200, 200], "episode_rewards": [200.0, 200.0, 200.0, 200.0, 200.0, 200.0, 200.0, 200.0, 200.0, 200.0, 200.0, 200.0, 200.0, 200.0, 200.0, 200.0, 200.0, 200.0, 200.0, 200.0, 200.0, 200.0, 200.0, 200.0, 200.0, 200.0, 200.0, 200.0, 200.0, 200.0, 200.0, 200.0, 200.0, 200.0, 200.0, 200.0, 200.0, 200.0, 200.0, 200.0, 200.0, 200.0, 200.0, 200.0, 200.0, 200.0, 200.0, 200.0, 200.0, 200.0, 200.0, 200.0, 200.0, 200.0, 200.0, 200.0, 200.0, 200.0, 200.0, 200.0, 200.0, 200.0, 200.0, 200.0, 200.0, 200.0, 200.0, 200.0, 200.0, 200.0, 200.0, 200.0, 200.0, 200.0, 200.0, 200.0, 200.0, 200.0, 200.0, 200.0, 200.0, 200.0, 200.0, 200.0, 200.0, 200.0, 200.0, 200.0, 200.0, 200.0, 200.0, 200.0, 200.0, 200.0, 200.0, 200.0, 200.0, 200.0, 200.0, 200.0], "episode_types": ["t", "t", "t", "t", "t", "t", "t", "t", "t", "t", "t", "t", "t", "t", "t", "t", "t", "t", "t", "t", "t", "t", "t", "t", "t", "t", "t", "t", "t", "t", "t", "t", "t", "t", "t", "t", "t", "t", "t", "t", "t", "t", "t", "t", "t", "t", "t", "t", "t", "t", "t", "t", "t", "t", "t", "t", "t", "t", "t", "t", "t", "t", "t", "t", "t", "t", "t", "t", "t", "t", "t", "t", "t", "t", "t", "t", "t", "t", "t", "t", "t", "t", "t", "t", "t", "t", "t", "t", "t", "t", "t", "t", "t", "t", "t", "t", "t", "t", "t", "t"]}