{"initial_reset_timestamp": 58341.3627479, "timestamps": [58342.2230832, 58346.8059486, 58347.59957, 58348.7054172, 58350.8151848, 58352.7321372, 58357.5675373, 58359.2451201, 58361.3737928, 58363.2253138, 58365.0924765, 58370.0570652, 58371.666516, 58373.7362755, 58375.6231777, 58377.4517169, 58382.4886423, 58384.1073486, 58386.2493189, 58388.0865491, 58389.0171595, 58393.5733942, 58395.17406, 58397.2770033, 58399.1643239, 58401.059766, 58405.9282243, 58407.5849479, 58409.8017375, 58411.7614579, 58413.6012588, 58418.5089312, 58420.1044133, 58422.2141797, 58424.0938155, 58425.983213, 58428.751636, 58429.877509, 58431.949433, 58433.8470328, 58435.708491, 58440.6200736, 58442.3343287, 58444.4703787, 58446.3384155, 58448.2338151, 58453.0866163, 58454.6838572, 58456.7706839, 58458.6882976], "episode_lengths": [178, 473, 157, 202, 182, 178, 473, 157, 202, 182, 178, 473, 157, 202, 182, 178, 473, 157, 202, 182, 178, 473, 157, 202, 182, 178, 473, 157, 202, 182, 178, 473, 157, 202, 182, 178, 473, 157, 202, 182, 178, 473, 157, 202, 182, 178, 473, 157, 202, 182], "episode_rewards": [5.0, 12.0, 4.0, 5.0, 4.0, 5.0, 12.0, 4.0, 5.0, 4.0, 5.0, 12.0, 4.0, 5.0, 4.0, 5.0, 12.0, 4.0, 5.0, 4.0, 5.0, 12.0, 4.0, 5.0, 4.0, 5.0, 12.0, 4.0, 5.0, 4.0, 5.0, 12.0, 4.0, 5.0, 4.0, 5.0, 12.0, 4.0, 5.0, 4.0, 5.0, 12.0, 4.0, 5.0, 4.0, 5.0, 12.0, 4.0, 5.0, 4.0], "episode_types": ["t", "t", "t", "t", "t", "t", "t", "t", "t", "t", "t", "t", "t", "t", "t", "t", "t", "t", "t", "t", "t", "t", "t", "t", "t", "t", "t", "t", "t", "t", "t", "t", "t", "t", "t", "t", "t", "t", "t", "t", "t", "t", "t", "t", "t", "t", "t", "t", "t", "t"]}